title,price,place,kms
A vendre,,Ariana Ville,2000
Peugeot 301 en tr√®s bon √©tat ,24 000,Rad√®s,144000
Renault symbol presque neuf ,43 000,Hammam Chott,23000
Peugeot 2008,44 000,Ariana Ville,110000
Honda Accord Coup√© 2.4l,41 000,Le Bardo,105000
Golf 7 R-Line ou √©change,,Manouba Ville,103000
Mini Cooper ou √©change,65 000,Le Bardo,131000
I30Cw Ou √©change,39 800,Le Bardo,96700
Q5 TDI Ou √©change,,Manouba Ville,197000
C180 Ou √©change,,Manouba Ville,175000
Serie 1 ,40 000,Ennasr,148000
A ventre Jetta en parfait √©tat,31 000,La Marsa,200000
Nissan Micra,31 000,Nabeul,105000
Chaise de massage,160,Le Bardo,2000
TOYOTA  C-HR,82 000,Sahloul,120000
Passat B9 ,88 000,Sahloul,116000
POLO SEDAN 1.4 ,39,Sousse Jawhara,110000
AMAROK,72 000,Le Bardo,171780
Av Golf 5  TDI 1.9,31 500,Sidi El B√©chir,260000
Ford EcoSport r√©gime RS 4x4 SUV 1.5 Titanium BVA,68 000,Nabeul,72000
Polo 6 1er main d'une femme,22 000,La Marsa,163000
Haval h6 GMW ,127 000,Ezzahra,37000
CLIO DINAMIQUE PREMIERE MAIN TR√àS PROPRE ,36 500,Borj Louzir,140000
Passat tdi 2l 8chv,46 500,Ben Arous,265000
Mercedes A180,72 000,Le Bardo,174500
Renault megane ,17 000,Ghazela,248.800
Chevrolet Cruze 2014 - opportunit√© √† saisir ,27 500,El Mourouj,129000
Citro√´n C4 ,29 500,Sayada-Lamta-Bou Hajar,197000
Mini cooper one ,33 000,Carthage,155000
CLIO DINAMIQUE PREMIERE MAIN TR√àS PROPRE ,36 500,Zarzouna,140000
Renaul kadjar gt-line ,70 000,Carthage,77000
Kia sportage gt-line bo√Æte automatique ,79 000,Carthage,115000
dongfeng-sx3,66 000,Korba,81000
Mitsubishi l200 2002 import√© ,19,Monastir,475000
Golf4 1.4 16v,19 500,Jendouba,330
PEUGEOT 3301PURETECH NOUVEAU MODEL ,28 500,Bizerte Nord,50000
Peugeot 307 ann√©e 2002,18 000,El Omrane,500000
A vendre bmw ,32 000,Hammamet,210000
4 RL.  Renault 4,1 200,Dar Ch√¢abane El Fehri,250000
Voiture ,7 500,Ariana Ville,
A vendre Kia Sportage 2018,118 000,Les Berges Du Lac,87000
Polo sedan anne 2021,56 000,Les Berges Du Lac,35000
Caddy SDI,25 000,Sakiet Edda√Øer,265
A NE PAS RATE,23 000,Le Bardo,200000
Giulietta Diesel,32 000,Route Menzel Chaker,230000
Grandi Punto ,21 800,La Soukra,161000
Polo7 1.2 √† vendre ,26 000,Ezzahra,180000
POLO 6 CONFORLINE,22 500,Ariana Ville,19000
polo 6 CONFORLINE,22 500,Ariana Ville,190
PEUGEOT 208 PURETECH NOUVEAU MODEL PREMI√àRE MAIN ,31 000,Borj Louzir,80000
audi a4 pack luxury ,63 500,Sahloul,154000
A vendre ,28 000,Kairouan Nord,0000
Voiture,36 000,Sfax Ville,116000
BMW E46,9 999 999,Hammamet,230
Voiture ,28 000,Monastir,280000
Baic S2 tr√®s Bonne Etat ,32 000,Ben Arous,93000
Renault Symbol ,24 900,M√©grine,200.000
Berlingo b9 ,41,Sfax Ville,117
Berlingo b9 ,,Sfax Ville,
A vendre polo 7,,Ariana Ville,2800000
407 essence ‚õΩ ,19 000,Medina Jedida,200
ROVER 75,15 500,Boumhel,328000
Clio 4 tce 90 ch ,49 900,La Soukra,14000
A vendre NISSAN JUKE 1.6,55 000,Menzah,183000
Mazda 3 SKYACTIV (3 ans 10 mois),62 000,El Mourouj,73000
Mini countryman ,,Ennasr,175000
Partner 2 places EHDI ,28 500,El Ouardia,300000
ford fiesta titanium,33 500,Hammam Sousse, KM
Megane 3 ,28 500,Sahloul,215000
Mercedes cla180 essence,70 000,Ennasr,200000
citoen C-elysse  ,25 000,Nabeul,156000
SEAT LEON 1.2 TSI,54 000,El Mourouj,120000
Mini Cooper One,,Jardin De Carthage,183000
POLO 7  1.2L,30 500,Mahdia,141000
Micro  Bus  Hyndai  H1 ,35 000,Dar Ch√¢abane El Fehri,181000
Citro√´n a vendre,11 500,Raoued,350000
Chevrolet Aveo LS,22 000,Akouda,160000
Cetroen berlingo b9 ,33 000,Nabeul,190000
Arrizo 5 Luxury,40 000,Carthage,180000
Avendre Nissan quashquai ,,Regueb,103000
polo 7,30 500,Mahdia,141000
Iveco,24 000,Sfax Ville,249000
V√©hicule tivoli ,55 000,Sakiet Ezzit,101
Ssangyong tivoli ,55 000,Sakiet Ezzit,101
Ford fiesta titanium ,24 500,La Marsa,181000
Voiture Renault Megane TCE 2019,69 000,A√Øn Zaghouan,6172
106 ,10 500,Mnihla,297000
Seat ARONA comme neuve ,68 000,La Soukra,9500
Mahindra,25 500,Monastir,71
Nissan Juke ,37 500,Monastir,153
fiat ducato 2012,18 500,Kef Est,300000
Dacia,45 000,Ariana Ville,77000
c4 ehdiüáπüá≥üá´üá∑,,El Omrane,207
Bmw 418i A coup√© tr√®s propre comme neuve,130 000,Les Berges Du Lac,30000
Voiture laguna1,,L'aouina,
Chevrolet aveo premi√®re main import√© ,25 600,Jendouba Nord,250.000
Vente de voiture ,120 000,La Marsa,55700m
Fiat Palio,,Ariana Ville,175
Laguna 1 ,,A√Øn Zaghouan,
Kia rio premi√®re main ,9 999,Djedeida,160
Chevrolet cruze,33 000,Ariana Ville,165000
voiture rexton 4x4 ,37 000,Jebiniana,335000
Dacia dokker ,28 500,Ennasr,180000
polo sedon ,26 000,Monastir,200
Citroen ,30,Bizerte Nord,185000
Land rover freelander 2006,,Route el Ain,225000
r4 fourgonet seulement 600 d,600,Jemmal,100000
Voiture √† vendre ,,Sfax Ville,45
Dodge Caliber ,56 000,Les Berges Du Lac,137000
Skoda octavia ,95 000,Ariana Ville,37000
SEAT LEON ,42 500,M√©grine,141000
Clio 4 life plus 1√®re main ,1,Le Bardo,80000
Fait tipo ,50 000,Nabeul,50
Hyndai grand i10 ,34 900,Bizerte Sud,87000
Golf 4,,Ariana Ville,250000
Mg GS de Bonne √©tat ,60 000,Sfax Ville,120000
Citro√´n c4 ,30 000,Le Bardo,157.000
PEUGEOT 2008 A VENDRE,52 000,La Marsa,66400
Vente voiture Tiguan ,73 000,Manouba Ville,140000
Citro√´n C3 √† vendre,,Menzah,276000
Marcedes classe c 200,135 000,Route Matar,60000
Mazda bt 50 ,58 000,Korba,160000
Vente Voiture ,33,Ezzahra,62
AMAROK TDI deux bond rouge ,51 000,Les Berges Du Lac,350000
Location Voiture Avec Chauffeur,,Boumhel,
Audi A4,,La Marsa,119000m
Nissan qashqai model 2009 ,30 000,Ariana Ville,255
Kia rio 5p tr√®s propre ,34 500,Hammamet, KM
Peugeot 308 ann√©e 2019,53 000,Hammam Lif,114000
Peugeot 406,1,Hammam Lif,
Polo fox tel : 96929590,4 500,Ain Draham,50000
Vendre,23 700,Manouba Ville,260000
√Ä VENDRE MERCEDES E220 CdIüî± s√©rie 221 premi√®re main ,,Jendouba,215000
voiteur,23 000,Manouba Ville,270
Peugeot 2008,52 000,Monastir,120000
voiture tres bonne etat a vendre,16 000,Ariana Ville,47000
Dacia Logan 1.5 DCI,15 000,Monastir,500000
A vendre Opel astra,22 500,Sfax Ville,00
Kia rio prestige,,Ariana Ville, KM
Grande Punto ,19 000,Raoued,
Avendre Nissan quashquai ,,Regueb,103000
Kia Sportage a vendre,92 000,Korba,100000
Vente dacia dokker,24 500,Sidi Bou Ali,140000
Nistana quashquai a vendre,,Route Menzel Chaker,
A vendre MG GS,58 000,La Soukra,94500
Renault talisman grandtour ,185 000,El Ouardia,94000
Fiat doblo (ndhifa),,El Ksar,140
Peugeot 407,1 750,Sahloul,545
Polo sedan TDI pas taxi,47 000,El Mourouj,70000
Isuzu ,,Manouba Ville,
